Method,Size (N),Elapsed (s)
2,1000.0,0.0022461999906226993
2,10000.0,0.022514000011142343
2,100000.0,0.21987599998828955
2,1000000.0,2.0682525000011083
2,10000000.0,20.652584800001932
