Method,Size (N),Elapsed (s)
3,1000.0,1.5503648999947472
3,10000.0,1.5486853999973391
3,100000.0,1.9496242999957758
3,1000000.0,6.666665400000056
3,10000000.0,63.268122599998605
