test,singlethread_s
rng,11.712779339999543
square_py,6.647892159999174
square_np,4.78430673000039
exp,8.774692289998347
cube1,31.823839060000317
cube2,12.765193620000355
cube3,10.693311569999787
Q1,31.725852110001142
Q2,9.22107834999988
Q3,19.041506949999167
atoa,31.528311459999532
expcube1,41.21958731999912
expcube2,20.561399849999
expcube3,20.54797516999897
