test,jit_multithread_default_s
rng,15.19691716999514
square1,6.6334133099881
square2,6.623188780015335
square3,6.928753750014584
exp,12.29782252999721
cube1,7.656856279994827
cube2,7.726305610011332
cube3,7.943714519985951
cube4,8.871444290003273
Q1,0.0
Q2,0.0
Q3,0.0
Q4,9.062809290003496
atoa,0.0
expcube1,0.0
expcube2,0.0
expcube3,0.0
expcube4,0.0
