test,multithread_default_s
rng,11.897809300007065
square1,5.330095010003424
square2,5.326447589998134
square3,5.265287970000645
exp,9.666995229996974
cube1,34.74925628000638
cube2,12.336003250002978
cube3,12.277373120002448
cube4,12.223440250000568
Q1,0.0
Q2,0.0
Q3,0.0
Q4,19.156422299996485
atoa,0.0
expcube1,0.0
expcube2,0.0
expcube3,0.0
expcube4,0.0
