test,multithread_s
rng,5.6999999742402e-06
square_py,2.674999961982394e-06
square_np,7.250000066960638e-07
exp,1.7250001178581442e-06
cube1,8.299999990413198e-06
cube2,1.7499999671599653e-06
cube3,1.150000002780871e-06
Q1,5.200000032345997e-06
Q2,1.1000000199601345e-06
Q3,1.6250000385298335e-06
atoa,3.724999999121792e-06
expcube1,6.025000061526953e-06
expcube2,2.225000002908928e-06
expcube3,1.9999999949504854e-06
