test,multithread_s
rng,10.943618859999697
square_py,4.821206300002814
square_np,4.875570680001692
exp,8.926378430004116
cube1,31.810825989999284
cube2,11.203359229999478
cube3,10.881326219999755
Q1,31.657780950001325
Q2,9.692958090000321
Q3,19.590393400000174
atoa,32.1126176500009
expcube1,42.132021750001876
expcube2,20.787131709999812
expcube3,20.956094209998263
