test,jit_multithread_s
rng,15.741273880000517
square_py,8.241527730000962
square_np,8.253536250001343
exp,13.020874180000101
cube1,8.297804960000212
cube2,8.321762710000622
cube3,8.272494290002214
Q1,8.189183849999973
Q2,20.56173039999849
Q3,6.657501879999472
atoa,39.86715892999928
expcube1,14.651572910000686
expcube2,14.74532479000045
expcube3,14.633533479998004
