test,singlethread_s
rng,1.5200000007098424e-05
square_py,4.149999995206599e-06
square_np,1.2500001957960194e-06
exp,2.6000000161729986e-06
cube1,1.3450000096781878e-05
cube2,2.6750000188258127e-06
cube3,1.8499997622711817e-06
Q1,8.224999987760384e-06
Q2,1.9000001429958502e-06
Q3,3.000000106112566e-06
atoa,5.9750000218627974e-06
expcube1,1.0025000051427924e-05
expcube2,3.525000124682265e-06
expcube3,3.5749999369727448e-06
