test,multithread_s
rng,0.3630279999997583
square_py,0.4494116999999278
square_np,0.45209710000017367
exp,0.0018101999999089458
cube1,0.01100540000015826
cube2,0.00185090000013588
cube3,0.0009909000000334345
Q1,0.01116360000014538
Q2,0.0017772000001059496
Q3,0.0021702999997614825
atoa,0.007553899999948044
expcube1,0.011755799999718874
expcube2,0.002363699999932578
expcube3,0.002110599999923579
