Method,Size (N),Elapsed (s)
3,1000.0,0.8332656999991741
3,10000.0,1.0029143000137992
3,100000.0,1.493577000015648
3,1000000.0,7.353518699994311
3,10000000.0,80.84808990001329
3,100000000.0,892.4780974999885
