Method,Size (N),Elapsed (s)
3,1000.0,1.2386090999934822
3,10000.0,1.3103611000115052
3,100000.0,1.6550988999952096
3,1000000.0,5.971304599981522
3,10000000.0,63.38814480000292
3,100000000.0,734.8027982000203
