Method,Size (N),Elapsed (s)
2,1000.0,0.002340100000000067
2,10000.0,0.02275830000000001
2,100000.0,0.18769199999999975
2,1000000.0,1.9082295999999999
2,10000000.0,24.197077299999997
