Method,Size (N),Elapsed (s)
3,1000.0,1.6976455
3,10000.0,2.2077231000000004
3,100000.0,2.7542272000000008
3,1000000.0,9.206709100000001
3,10000000.0,88.19201179999999
