Method,Size (N),Elapsed (s)
1,1000.0,0.0011288000000000409
1,10000.0,0.0020246999999999904
1,100000.0,0.021244700000000005
1,1000000.0,0.18787960000000004
1,10000000.0,1.253149
