Method,Size (N),Elapsed (s)
2,1000.0,0.004763600000000423
2,10000.0,0.05046799999999951
2,100000.0,0.5559953999999996
2,1000000.0,8.1834724
2,10000000.0,54.092916
