Method,Size (N),Elapsed (s)
1,1000.0,0.0003347999954712577
1,10000.0,0.0007231999989016913
1,100000.0,0.005532700000912882
1,1000000.0,0.1045181000008597
1,10000000.0,1.3263306000008015
