Method,Size (N),Elapsed (s)
2,1000.0,0.0077185999834910035
2,10000.0,0.0728514000074938
2,100000.0,0.7290410999848973
2,1000000.0,7.5618845999997575
2,10000000.0,75.71775400001206
2,100000000.0,754.7373212999955
