Method,Size (N),Elapsed (s)
1,1000.0,0.0003347999954712
1,10000.0,0.0007231999989016
1,100000.0,0.0055327000009128
1,1000000.0,0.1045181000008597
1,10000000.0,1.3263306000008015
2,1000.0,0.0023495000059483
2,10000.0,0.02194690000033
2,100000.0,0.2244815999947604
2,1000000.0,2.194138799997745
2,10000000.0,21.946057200002542
3,1000.0,1.5811830000020564
3,10000.0,1.6522326999984216
3,100000.0,2.254374199997983
3,1000000.0,6.260766500003228
3,10000000.0,58.80958209999517
