Method,Size (N),Elapsed (s)
1,1000.0,0.00014680001186206937
1,10000.0,0.00044380000326782465
1,100000.0,0.005079499998828396
1,1000000.0,0.07559960000799038
1,10000000.0,0.7819480999896768
