Method,Size (N),Elapsed (s)
3,1000.0,1.459025099997234
3,10000.0,1.629849799996009
3,100000.0,2.016354000006686
3,1000000.0,6.969831000002159
3,10000000.0,69.71377829999983
