Method,Size (N),Elapsed (s)
2,1000.0,0.0023495000059483573
2,10000.0,0.02194690000033006
2,100000.0,0.22448159999476047
2,1000000.0,2.194138799997745
2,10000000.0,21.946057200002542
