Method,Size (N),Elapsed (s)
3,1000.0,1.153985399985686
3,10000.0,0.9783930999983568
3,100000.0,1.5057541000132915
3,1000000.0,6.418780899984995
3,10000000.0,73.06533539999509
3,100000000.0,788.6789700999798
