Method,Size (N),Elapsed (s)
3,1000.0,1.8310763999979827
3,10000.0,1.6520940999980667
3,100000.0,1.8975358999960008
3,1000000.0,6.286112599998887
3,10000000.0,56.45550660000299
