Method,Size (N),Elapsed (s)
3,1000.0,1.5811830000020564
3,10000.0,1.6522326999984216
3,100000.0,2.254374199997983
3,1000000.0,6.260766500003228
3,10000000.0,58.80958209999517
