Method,Size (N),Elapsed (s)
2,1000.0,0.004923700000006193
2,10000.0,0.06509680000000628
2,100000.0,0.5741164000000083
2,1000000.0,4.6272234999999995
2,10000000.0,35.6973967
