Method,Size (N),Elapsed (s)
1,1000.0,0.0019187999999998873
1,10000.0,0.004567600000000116
1,100000.0,0.035565499999999695
1,1000000.0,0.2866025000000003
1,10000000.0,2.2478019
