Method,Size (N),Elapsed (s)
3,1000.0,4.231712400000001
3,10000.0,3.6816135999999995
3,100000.0,5.388138900000001
3,1000000.0,17.7929439
3,10000000.0,148.88231019999998
