test,jit_multithread_default_s
rng,13.305818690001615
square1,5.930689149993123
square2,6.0352300600003215
square3,6.0668661600007905
exp,10.60143253999704
cube1,6.282585000002291
cube2,6.316067689997726
cube3,6.442825349996565
cube4,6.785311619995627
Q1,7.288236499996856
Q2,17.03971743999864
Q3,8.129938239997136
Q4,9.421393550001085
atoa,38.118729549998534
expcube1,12.384265469995444
expcube2,12.395843890000833
expcube3,15.54547626999556
expcube4,14.475114959996427
