method,elapsed,size
1,2.41e-5,1000
1,0.0002422,10000
1,0.0024807,100000
1,0.0352047,1000000
1,0.3964818,10000000
2,3.27e-5,1000
2,0.0003287,10000
2,0.003347,100000
2,0.0334534,1000000
2,0.3385353,10000000
3,0.0004055,1000
3,0.0006556,10000
3,0.0017525,100000
3,0.0170742,1000000
3,0.1827014,10000000
