method,elapsed,size
1,2.41e-5,1000
1,0.0002422,10000
1,0.0024807,100000
1,0.0352047,1000000
1,0.3964818,10000000
2,3.27e-5,1000
2,0.0003287,10000
2,0.003347,100000
2,0.0334534,1000000
2,0.3385353,10000000
3,0.0001795,1000
3,0.0004067,10000
3,0.0022146,100000
3,0.0227067,1000000
3,0.2382548,10000000
