method,elapsed,size
1,2.14e-5,1000
1,0.0001758,10000
1,0.0017946,100000
1,0.0291979,1000000
1,0.331723,10000000
1,3.4191633,100000000
2,0.0002994,1000
2,0.003072,10000
2,0.0316126,100000
2,0.341454,1000000
2,3.5966049,10000000
2,35.2014102,100000000
3,0.0003019,1000
3,0.001113,10000
3,0.0085505,100000
3,0.1210599,1000000
3,1.3097425,10000000
3,13.4743687,100000000
