method,elapsed,size
1,2.14e-5,1000
1,0.0001753,10000
1,0.0017955,100000
1,0.0294314,1000000
1,0.3293965,10000000
1,3.2431882,100000000
2,0.0002962,1000
2,0.0030706,10000
2,0.0316723,100000
2,0.3304121,1000000
2,3.4254604,10000000
2,34.6763436,100000000
3,0.0007327,1000
3,0.0012134,10000
3,0.0042783,100000
3,0.0508391,1000000
3,0.5832607,10000000
3,5.220388,100000000
