Method,Size,Elapsed
1,1000,0.00013677
1,10000,0.00035952
1,100000,0.00181002
1,1000000,0.06967221
1,10000000,0.41094983
2,1000,0.00010321
2,10000,0.00066284
2,100000,0.00590675
2,1000000,0.06039323
2,10000000,0.60525085
3,1000,0.05808794
3,10000,0.04984567
3,100000,0.04840777
3,1000000,0.07938436
3,10000000,0.63046435
