Method,Size,Elapsed
1,1000,0.00012843
1,10000,0.00032453
1,100000,0.00224888
1,1000000,0.04007793
1,10000000,0.4224526
2,1000,7.848e-05
2,10000,0.00059275
2,100000,0.00696662
2,1000000,0.06196086
2,10000000,0.60917688
3,1000,0.08399806
3,10000,0.07801711
3,100000,0.10262301
3,1000000,0.11134974
3,10000000,0.67579115
