Method,Size,Elapsed
1,1000,0.00038647
1,10000,0.0008036
1,100000,0.002642
1,1000000,0.04607445
1,10000000,0.38485114
2,1000,0.00164814
2,10000,0.00063439
2,100000,0.00577616
2,1000000,0.05968639
2,10000000,0.59334727
3,1000,0.09327229
3,10000,0.0399363
3,100000,0.04312417
3,1000000,0.09760463
3,10000000,0.75485488
