Method,Size,Elapsed
1,1000,0.00022913
1,10000,0.00033832
1,100000,0.0019311
1,1000000,0.05170716
1,10000000,0.41289998
2,1000,0.00028972
2,10000,0.00065412
2,100000,0.00578437
2,1000000,0.06069571
2,10000000,0.60155685
3,1000,0.04779326
3,10000,0.04511429
3,100000,0.0362556
3,1000000,0.07687671
3,10000000,0.6121373
