Method,Size,Elapsed
1,1000,0.00055257
1,10000,0.00054303
1,100000,0.00207615
1,1000000,0.03524604
1,10000000,0.35069894
1,100000000,3.62572506
2,1000,0.00134606
2,10000,0.00668934
2,100000,0.06442268
2,1000000,0.65266394
2,10000000,6.43787656
2,100000000,62.7046665
3,1000,0.0788879
3,10000,0.04927235
3,100000,0.08212106
3,1000000,0.42140939
3,10000000,3.84147471
3,100000000,38.353353
