method,elapsed,size
1,1.4417e-5,1000
1,0.000141625,10000
1,0.001457791,100000
1,0.0153945,1000000
1,0.1588475,10000000
2,0.0005255,1000
2,0.005286208,10000
2,0.054192667,100000
2,0.569152667,1000000
2,6.264051,10000000
3,0.000105667,1000
3,0.000368333,10000
3,0.002594458,100000
3,0.024703625,1000000
3,0.250188083,10000000
