Method,Size (N),Elapsed (s)
1,1000.0,0.0003347999954712
1,10000.0,0.0007231999989016
1,100000.0,0.0055327000009128
1,1000000.0,0.1045181000008597
1,10000000.0,1.3263306000008015
2,1000.0,0.0023495000059483
2,10000.0,0.02194690000033
2,100000.0,0.2244815999947604
2,1000000.0,2.194138799997745
2,10000000.0,21.946057200002542
3,1000.0,1.5503648999947472
3,10000.0,1.5486853999973391
3,100000.0,1.949624299995776
3,1000000.0,6.666665400000056
3,10000000.0,63.268122599998605
