Method,Size (N),Elapsed (s)
1,1000.0,0.0003347999954712
1,10000.0,0.0007231999989016
1,100000.0,0.0055327000009128
1,1000000.0,0.1045181000008597
1,10000000.0,1.3263306000008015
2,1000.0,0.0023495000059483
2,10000.0,0.02194690000033
2,100000.0,0.2244815999947604
2,1000000.0,2.194138799997745
2,10000000.0,21.946057200002542
3,1000.0,1.459025099997234
3,10000.0,1.629849799996009
3,100000.0,2.016354000006686
3,1000000.0,6.969831000002159
3,10000000.0,69.71377829999983
