Method,Size (N),Elapsed (s)
1,1000.0,0.000146800011862
1,10000.0,0.0004438000032678
1,100000.0,0.0050794999988283
1,1000000.0,0.0755996000079903
1,10000000.0,0.7819480999896768
2,1000.0,0.0022461999906226
2,10000.0,0.0225140000111423
2,100000.0,0.2198759999882895
2,1000000.0,2.0682525000011083
2,10000000.0,20.65258480000193
3,1000.0,1.459025099997234
3,10000.0,1.629849799996009
3,100000.0,2.016354000006686
3,1000000.0,6.969831000002159
3,10000000.0,69.71377829999983
