Method,Size (N),Elapsed (s)
1,1000.0,0.000146800011862
1,10000.0,0.0004438000032678
1,100000.0,0.0050794999988283
1,1000000.0,0.0755996000079903
1,10000000.0,0.7819480999896768
2,1000.0,0.0022461999906226
2,10000.0,0.0225140000111423
2,100000.0,0.2198759999882895
2,1000000.0,2.0682525000011083
2,10000000.0,20.65258480000193
3,1000.0,1.8310763999979829
3,10000.0,1.652094099998067
3,100000.0,1.8975358999960008
3,1000000.0,6.286112599998887
3,10000000.0,56.45550660000299
