nprocs,elapsed,size
2,0.0001795,1000
2,0.0004067,10000
2,0.0022146,100000
2,0.0227067,1000000
2,0.2382548,10000000
