nprocs,elapsed,size
8,0.0004055,1000
8,0.0006556,10000
8,0.0017525,100000
8,0.0170742,1000000
8,0.1827014,10000000
