nprocs,elapsed,size
2,0.0001794,1000
2,0.0003933,10000
2,0.0022135,100000
2,0.0229762,1000000
2,0.2308196,10000000
