nprocs,elapsed,size
8,0.0003802,1000
8,0.0006252,10000
8,0.0018383,100000
8,0.0165502,1000000
8,0.186913,10000000
