nprocs,elapsed,size
4,0.0002406,1000
4,0.0004353,10000
4,0.0016343,100000
4,0.0170992,1000000
4,0.175409,10000000
