nprocs,elapsed,size
16,0.0008051,1000
16,0.0010652,10000
16,0.0023307,100000
16,0.0241661,1000000
16,0.2668914,10000000
