nprocs,elapsed,size
16,0.0007459,1000
16,0.0011422,10000
16,0.0023887,100000
16,0.0255199,1000000
16,0.2815611,10000000
