nprocs,elapsed,size
4,0.0002622,1000
4,0.0004416,10000
4,0.0016544,100000
4,0.0165033,1000000
4,0.1752753,10000000
